,ground_truth,predictions
0,1,1
1,1,0
2,1,1
3,1,1
4,1,1
5,1,1
6,1,3
7,1,1
8,1,1
9,1,3
10,1,1
11,1,1
12,1,1
13,1,1
14,1,1
15,1,1
16,1,1
17,1,1
18,1,1
19,1,1
20,1,1
21,1,3
22,1,1
23,1,1
24,1,1
25,1,1
26,1,1
27,1,1
28,1,1
29,1,1
30,1,1
31,1,1
32,1,1
33,1,4
34,1,1
35,1,1
36,1,1
37,1,3
38,1,1
39,1,1
40,1,4
41,1,1
42,1,1
43,1,1
44,1,1
45,1,1
46,1,1
47,1,1
48,1,1
49,1,1
50,1,1
51,1,1
52,1,1
53,1,1
54,1,1
55,1,1
56,1,1
57,1,1
58,1,1
59,1,1
60,1,1
61,1,1
62,1,1
63,1,1
64,1,1
65,1,1
66,1,1
67,1,1
68,1,1
69,1,1
70,1,1
71,1,1
72,1,1
73,1,1
74,1,1
75,1,1
76,1,1
77,1,1
78,1,1
79,1,1
80,1,1
81,1,1
82,1,1
83,1,1
84,1,1
85,1,1
86,1,1
87,1,1
88,1,1
89,1,1
90,1,1
91,1,1
92,1,1
93,1,1
94,1,1
95,1,1
96,1,1
97,1,1
98,1,1
99,1,1
100,1,1
101,1,1
102,1,3
103,1,1
104,1,1
105,1,1
106,1,1
107,1,1
108,1,1
109,1,1
110,1,1
111,1,1
112,1,1
113,1,4
114,1,2
115,1,1
116,1,1
117,1,1
118,1,1
119,1,1
120,1,1
121,1,1
122,1,1
123,1,1
124,1,1
125,1,1
126,1,2
127,1,1
128,1,1
129,1,1
130,1,1
131,1,1
132,1,1
133,1,1
134,1,1
135,1,1
136,1,1
137,1,1
138,1,1
139,1,1
140,1,1
141,1,1
142,1,1
143,1,1
144,1,1
145,1,1
146,1,1
147,1,1
148,1,1
149,1,1
150,1,1
151,1,1
152,1,1
153,1,3
154,1,1
155,1,1
156,1,1
157,1,1
158,1,1
159,1,1
160,1,1
161,1,1
162,1,1
163,1,1
164,1,1
165,1,1
166,1,1
167,1,1
168,1,1
169,1,1
170,1,1
171,1,1
172,1,1
173,1,1
174,1,1
175,1,1
176,1,1
177,1,1
178,1,1
179,1,3
180,1,4
181,1,1
182,1,1
183,1,1
184,1,3
185,1,1
186,1,1
187,1,1
188,1,1
189,1,1
190,1,1
191,1,1
192,1,1
193,1,1
194,1,1
195,1,1
196,1,1
197,1,1
198,1,1
199,1,1
200,1,1
201,1,1
202,1,1
203,1,1
204,1,1
205,1,1
206,1,1
207,1,3
208,1,0
209,1,1
210,1,1
211,1,1
212,1,1
213,1,4
214,1,1
215,1,1
216,1,1
217,1,1
218,1,1
219,1,1
220,1,1
221,1,1
222,1,1
223,1,1
224,1,1
225,1,1
226,1,1
227,1,1
228,1,1
229,1,1
230,1,1
231,1,1
232,1,1
233,1,1
234,1,1
235,1,1
236,1,1
237,1,1
238,1,1
239,1,1
240,1,2
241,1,1
242,1,1
243,1,1
244,1,1
245,1,1
246,1,1
247,1,1
248,1,1
249,1,1
250,1,1
251,1,1
252,1,1
253,1,0
254,1,1
255,1,1
256,1,1
257,1,1
258,1,1
259,1,1
260,1,1
261,1,1
262,1,1
263,1,1
264,1,1
265,1,1
266,1,1
267,1,1
268,1,1
269,1,1
270,1,1
271,1,1
272,1,1
273,1,1
274,1,1
275,1,1
276,1,1
277,1,1
278,1,1
279,1,1
280,1,1
281,1,1
282,1,1
283,1,1
284,1,1
285,1,1
286,1,1
287,1,1
288,1,1
289,1,1
290,1,1
291,1,1
292,1,1
293,1,1
294,1,1
295,1,1
296,1,1
297,1,1
298,1,3
299,1,1
300,1,1
301,1,1
302,1,1
303,1,1
304,1,1
305,1,1
306,1,1
307,1,1
308,1,1
309,1,1
310,1,1
311,1,0
312,1,1
313,1,1
314,1,1
315,1,3
316,1,1
317,1,1
318,1,1
319,1,1
320,1,1
321,1,1
322,1,1
323,1,0
324,1,1
325,1,1
326,1,1
327,1,1
328,1,1
329,1,1
330,1,1
331,1,1
332,1,1
333,1,1
334,1,1
335,1,1
336,1,1
337,1,0
338,1,1
339,1,1
340,1,1
341,1,1
342,1,1
343,1,1
344,1,1
345,1,1
346,1,1
347,1,1
348,1,1
349,1,1
350,1,1
351,1,1
352,1,1
353,1,0
354,1,1
355,1,1
356,1,1
357,1,1
358,1,1
359,1,1
360,1,1
361,1,1
362,1,1
363,1,1
364,1,1
365,1,1
366,1,1
367,1,1
368,1,0
369,1,1
370,1,1
371,1,1
372,1,1
373,1,1
374,1,1
375,1,1
376,1,1
377,1,1
378,1,1
379,1,1
380,1,1
381,1,1
382,1,1
383,1,1
384,1,1
385,1,1
386,1,1
387,1,1
388,1,3
389,1,1
390,1,1
391,1,1
392,1,1
393,1,1
394,1,1
395,1,1
396,1,4
397,1,0
398,1,1
399,1,1
400,1,1
401,1,1
402,1,1
403,1,1
404,1,1
405,1,1
406,1,1
407,1,1
408,1,1
409,1,1
410,1,1
411,1,1
412,1,1
413,1,1
414,1,1
415,1,1
416,1,1
417,1,1
418,1,1
419,1,1
420,1,1
421,1,1
422,1,0
423,1,1
424,1,1
425,1,1
426,1,1
427,1,1
428,1,1
429,1,1
430,1,1
431,1,2
432,1,1
433,1,0
434,1,1
435,1,1
436,1,1
437,1,1
438,1,1
439,1,1
440,1,1
441,1,1
442,1,0
443,1,1
444,1,1
445,1,3
446,1,1
447,1,1
448,1,1
449,1,1
450,1,1
451,1,1
452,1,1
453,1,1
454,1,1
455,1,1
456,1,1
457,1,1
458,1,1
459,1,1
460,1,3
461,1,1
462,1,1
463,1,1
464,1,1
465,1,1
466,1,1
467,1,1
468,1,1
469,1,3
470,1,3
471,1,1
472,1,1
473,1,1
474,1,1
475,1,1
476,1,1
477,1,1
478,1,1
479,1,1
480,1,1
481,1,1
482,1,1
483,1,2
484,1,1
485,1,1
486,1,1
487,1,1
488,1,1
489,1,1
490,1,1
491,1,1
492,1,1
493,1,1
494,1,1
495,1,3
496,1,1
497,1,1
498,1,1
499,1,1
500,1,1
501,1,0
502,1,1
503,1,1
504,1,1
505,1,1
506,1,1
507,1,0
508,1,1
509,1,1
510,1,1
511,1,1
512,1,4
513,1,1
514,1,1
515,1,1
516,1,1
517,1,1
518,1,1
519,1,1
520,1,0
521,1,1
522,1,1
523,1,1
524,1,1
525,1,1
526,1,1
527,1,1
528,1,1
529,1,1
530,1,1
531,1,1
532,1,1
533,1,1
534,1,1
535,1,1
536,1,2
537,1,1
538,1,1
539,1,1
540,1,1
541,1,1
542,1,1
543,1,1
544,1,1
545,1,1
546,1,1
547,1,1
548,1,1
549,1,1
550,1,1
551,1,1
552,1,0
553,1,1
554,1,1
555,1,1
556,1,1
557,1,1
558,1,1
559,1,1
560,1,1
561,1,1
562,1,1
563,1,1
564,1,1
565,1,1
566,1,1
567,1,1
568,1,4
569,1,1
570,1,1
571,1,0
572,1,1
573,1,1
574,1,1
575,1,1
576,1,1
577,1,1
578,1,1
579,1,1
580,1,3
581,1,1
582,1,1
583,1,0
584,1,1
585,1,0
586,1,1
587,1,4
588,1,1
589,1,1
590,1,1
591,1,1
592,1,1
593,1,1
594,1,4
595,1,1
596,1,1
597,1,3
598,1,4
599,1,1
600,1,1
601,1,1
602,1,1
603,1,3
604,1,1
605,1,1
606,1,1
607,1,1
608,1,1
609,1,1
610,1,1
611,1,1
612,1,1
613,1,1
614,1,1
615,1,1
616,1,1
617,1,4
618,1,1
619,1,1
620,1,1
621,1,2
622,1,1
623,1,1
624,1,1
625,1,1
626,1,1
627,1,1
628,1,1
629,1,3
630,1,3
631,1,1
632,1,1
633,1,1
634,1,1
635,1,1
636,1,1
637,1,1
638,1,1
639,1,1
640,1,1
641,1,1
642,1,1
643,1,1
644,1,1
645,1,1
646,1,1
647,1,1
648,1,1
649,1,1
650,1,1
651,1,1
652,1,1
653,1,1
654,1,1
655,1,1
656,1,1
657,1,1
658,1,1
659,1,1
660,1,1
661,1,1
662,1,1
663,1,1
664,1,1
665,1,1
666,1,1
667,1,1
668,1,1
669,1,1
670,1,1
671,1,1
672,1,4
673,1,2
674,1,1
675,1,1
676,1,1
677,1,1
678,1,1
679,1,1
680,1,1
681,1,1
682,1,1
683,1,1
684,1,2
685,1,1
686,1,1
687,1,1
688,1,1
689,1,1
690,1,1
691,1,1
692,1,1
693,1,1
694,1,1
695,1,1
696,1,1
697,1,4
698,1,1
699,1,1
700,1,3
701,1,1
702,1,1
703,1,1
704,1,1
705,1,1
706,1,1
707,1,1
708,1,1
709,1,1
710,1,1
711,1,1
712,1,1
713,1,1
714,1,1
715,1,2
716,1,1
717,1,1
718,1,1
719,1,1
720,1,1
721,1,1
722,1,1
723,1,1
724,1,1
725,1,1
726,1,1
727,1,1
728,1,1
729,1,1
730,1,1
731,1,1
732,1,1
733,1,1
734,1,1
735,1,1
736,1,1
737,1,1
738,1,1
739,1,1
740,1,1
741,1,1
742,1,1
743,1,1
744,1,1
745,1,1
746,1,1
747,1,1
748,1,1
749,1,1
750,1,1
751,1,1
752,1,1
753,1,2
754,1,1
755,1,1
756,1,1
757,1,1
758,1,1
759,1,1
760,1,3
761,1,1
762,1,1
763,1,1
764,1,1
765,1,1
766,1,1
767,1,1
768,1,1
769,1,1
770,1,1
771,1,1
772,1,1
773,1,1
774,1,2
775,1,4
776,1,1
777,1,1
778,1,4
779,1,1
780,1,1
781,1,1
782,1,1
783,1,1
784,1,1
785,1,1
786,1,4
787,1,1
788,1,1
789,1,3
790,1,3
791,1,1
792,1,1
793,1,1
794,1,1
795,1,1
796,1,1
797,1,1
798,1,2
799,1,1
800,1,1
801,1,1
802,1,1
803,1,1
804,1,1
805,1,1
806,1,1
807,1,1
808,1,1
809,1,1
810,1,1
811,1,1
812,1,1
813,1,1
814,1,1
815,1,1
816,1,1
817,1,1
818,1,1
819,1,1
820,1,1
821,1,1
822,1,1
823,1,1
824,1,0
825,1,1
826,1,1
827,1,1
828,1,1
829,1,1
830,1,1
831,1,3
832,1,4
833,1,1
834,1,1
835,1,1
836,1,1
837,1,4
838,1,1
839,1,1
840,1,1
841,1,1
842,1,1
843,1,1
844,1,1
845,1,3
846,1,1
847,1,1
848,1,1
849,1,1
850,1,1
851,1,1
852,1,1
853,1,1
854,1,2
855,1,1
856,1,1
857,1,1
858,1,1
859,1,1
860,1,1
861,1,1
862,1,1
863,1,1
864,1,1
865,1,1
866,1,3
867,1,1
868,1,1
869,1,1
870,1,1
871,1,1
872,1,1
873,1,1
874,1,1
875,1,1
876,1,1
877,1,1
878,1,1
879,1,1
880,1,1
881,1,3
882,1,1
883,1,1
884,1,1
885,1,1
886,1,1
887,1,1
888,1,1
889,1,4
890,1,1
891,1,1
892,1,1
893,1,1
894,1,1
895,1,1
896,1,1
897,1,1
898,1,1
899,1,1
900,1,1
901,1,1
902,1,1
903,1,1
904,1,1
905,1,1
906,1,1
907,1,1
908,1,3
909,1,3
910,1,1
911,1,3
912,1,1
913,1,0
914,1,1
915,1,1
916,1,1
917,1,1
918,1,1
919,1,1
920,1,1
921,1,1
922,1,1
923,1,1
924,1,1
925,1,1
926,1,1
927,1,1
928,1,1
929,1,1
930,1,1
931,1,1
932,1,1
933,1,1
934,1,1
935,1,1
936,1,1
937,1,1
938,1,1
939,1,1
940,1,1
941,1,1
942,1,1
943,1,1
944,1,1
945,1,1
946,1,1
947,1,1
948,1,1
949,1,1
950,1,1
951,1,1
952,1,1
953,1,1
954,1,1
955,1,1
956,1,1
957,1,1
958,1,1
959,1,1
960,1,1
961,1,2
962,1,1
963,1,1
964,1,1
965,1,0
966,1,1
967,1,1
968,1,1
969,1,1
970,1,1
971,1,1
972,1,1
973,1,1
974,1,1
975,1,1
976,1,1
977,1,1
978,1,1
979,1,1
980,1,1
981,1,1
982,1,1
983,1,1
984,1,1
985,1,1
986,1,1
987,1,3
988,1,1
989,1,1
990,1,1
991,1,3
992,1,1
993,1,1
994,1,1
995,1,1
996,1,1
997,1,1
998,1,1
999,1,1
1000,1,1
1001,1,4
1002,1,4
1003,1,1
1004,1,1
1005,1,4
1006,1,2
1007,1,1
1008,1,1
1009,1,1
1010,1,1
1011,1,1
1012,1,1
1013,1,1
1014,1,1
1015,1,1
1016,1,1
1017,1,1
1018,1,1
1019,1,1
1020,1,3
1021,1,1
1022,1,1
1023,1,1
1024,1,1
1025,1,0
1026,1,0
1027,1,1
1028,1,1
1029,1,1
1030,1,1
1031,1,1
1032,1,1
1033,1,3
1034,1,1
1035,1,1
1036,1,1
1037,1,1
1038,1,1
1039,1,1
1040,1,1
1041,1,1
1042,1,1
1043,1,1
1044,1,1
1045,1,2
1046,1,3
1047,1,1
1048,1,1
1049,1,2
1050,1,1
1051,1,1
1052,1,1
1053,1,1
1054,1,1
1055,1,1
1056,1,1
1057,1,1
1058,1,1
1059,1,0
1060,1,4
1061,1,1
1062,1,1
1063,1,1
1064,1,1
1065,1,1
1066,1,1
1067,1,1
1068,1,1
1069,1,1
1070,1,1
1071,1,1
1072,1,2
1073,1,1
1074,1,1
1075,1,1
1076,1,1
1077,1,1
1078,1,1
1079,1,1
1080,1,1
1081,1,1
1082,1,1
1083,1,1
1084,1,1
1085,1,1
1086,1,1
1087,1,1
1088,1,1
1089,1,1
1090,1,1
1091,1,4
1092,1,1
1093,1,1
1094,1,1
1095,1,1
1096,1,1
1097,1,1
1098,1,1
1099,1,1
1100,1,1
1101,1,1
1102,1,1
1103,1,1
1104,1,3
1105,1,1
1106,1,0
1107,1,1
1108,1,1
1109,1,4
1110,1,1
1111,1,1
1112,1,1
1113,1,1
1114,1,3
1115,1,1
1116,1,1
1117,1,1
1118,1,1
1119,1,1
1120,1,1
1121,1,1
1122,1,1
1123,1,1
1124,1,1
1125,1,1
1126,1,1
1127,1,1
1128,1,1
1129,1,1
1130,1,1
1131,1,1
1132,1,1
1133,1,3
1134,1,1
1135,1,1
1136,1,1
1137,1,1
1138,1,4
1139,1,1
1140,1,1
1141,1,1
1142,1,1
1143,1,1
1144,1,1
1145,1,1
1146,1,1
1147,1,1
1148,1,1
1149,1,1
1150,1,1
1151,1,1
1152,1,1
1153,1,1
1154,1,1
1155,1,1
1156,1,1
1157,1,1
1158,1,1
1159,1,1
1160,1,1
1161,1,1
1162,1,1
1163,1,3
1164,1,1
1165,1,1
1166,1,1
1167,1,4
1168,1,1
1169,1,1
1170,1,1
1171,1,1
1172,1,1
1173,1,1
1174,1,1
1175,1,1
1176,1,1
1177,1,1
1178,1,1
1179,1,1
1180,1,1
1181,1,1
1182,1,1
1183,1,1
1184,1,1
1185,1,1
1186,1,1
1187,1,1
1188,1,1
1189,1,1
1190,1,1
1191,1,3
1192,1,3
1193,1,3
1194,1,1
1195,1,1
1196,1,1
1197,1,1
1198,1,3
1199,1,1
1200,1,1
1201,1,1
1202,1,1
1203,1,1
1204,1,1
1205,1,1
1206,1,1
1207,1,3
1208,1,1
1209,1,1
1210,1,1
1211,1,1
1212,1,1
1213,1,1
1214,1,1
1215,1,1
1216,1,1
1217,1,1
1218,1,1
1219,1,1
1220,1,1
1221,1,0
1222,1,1
1223,1,1
1224,1,1
1225,1,1
1226,1,1
1227,1,1
1228,1,1
1229,1,1
1230,1,1
1231,1,1
1232,1,1
1233,1,1
1234,1,1
1235,1,1
1236,1,1
1237,1,1
1238,1,1
1239,1,1
1240,1,1
1241,1,1
1242,1,1
1243,1,1
1244,1,1
1245,1,1
1246,1,1
1247,1,1
1248,1,1
1249,1,0
1250,1,1
1251,1,1
1252,1,1
1253,1,1
1254,1,1
1255,1,1
1256,1,1
1257,1,1
1258,1,1
1259,1,1
1260,1,1
1261,1,1
1262,1,1
1263,1,1
1264,1,1
1265,1,1
1266,1,1
1267,1,1
1268,1,1
1269,1,3
1270,1,1
1271,1,1
1272,1,1
1273,1,1
1274,1,1
1275,1,1
1276,1,1
1277,1,1
1278,1,1
1279,1,1
1280,1,1
1281,1,1
1282,1,1
1283,1,1
1284,1,1
1285,1,1
1286,1,1
1287,1,1
1288,1,1
1289,1,1
1290,1,1
1291,1,1
1292,1,1
1293,1,1
1294,1,1
1295,1,1
1296,1,1
1297,1,1
1298,1,1
1299,1,1
1300,1,1
1301,1,1
1302,1,1
1303,1,3
1304,1,1
1305,1,3
1306,1,1
1307,1,1
1308,1,1
1309,1,1
1310,1,1
1311,1,1
1312,1,1
1313,1,1
1314,1,1
1315,1,1
1316,1,1
1317,1,1
1318,1,1
1319,1,1
1320,1,1
1321,1,1
1322,1,1
1323,1,1
1324,1,1
1325,1,1
1326,1,1
1327,1,1
1328,1,1
1329,1,1
1330,1,1
1331,1,1
1332,1,1
1333,1,1
1334,1,1
1335,1,1
1336,1,1
1337,1,1
1338,1,1
1339,1,1
1340,1,3
1341,1,1
1342,1,1
1343,1,1
1344,1,1
1345,1,1
1346,1,1
1347,1,1
1348,1,1
1349,1,1
1350,1,1
1351,1,1
1352,1,1
1353,1,1
1354,1,1
1355,1,1
1356,1,1
1357,1,1
1358,1,1
1359,1,1
1360,1,1
1361,1,1
1362,1,1
1363,1,1
1364,1,1
1365,1,1
1366,1,1
1367,1,1
1368,1,1
1369,1,1
1370,1,2
1371,1,1
1372,1,1
1373,1,3
1374,1,1
1375,1,1
1376,1,2
1377,1,1
1378,1,1
1379,1,1
1380,1,1
1381,1,1
1382,1,1
1383,1,1
1384,1,1
1385,1,1
1386,1,1
1387,1,1
1388,1,1
1389,1,1
1390,1,1
1391,1,1
1392,1,1
1393,1,1
1394,1,1
1395,1,1
1396,1,2
1397,1,1
1398,1,1
1399,1,1
1400,1,4
1401,1,3
1402,1,1
1403,1,1
1404,1,1
1405,1,1
1406,1,1
1407,1,1
1408,1,1
1409,1,1
1410,1,1
1411,1,1
1412,1,1
1413,1,1
1414,0,0
1415,0,3
1416,0,3
1417,0,3
1418,0,0
1419,0,3
1420,0,3
1421,0,0
1422,0,0
1423,0,0
1424,0,0
1425,0,0
1426,0,3
1427,0,0
1428,0,1
1429,0,4
1430,0,1
1431,0,1
1432,0,1
1433,0,1
1434,0,1
1435,0,0
1436,0,1
1437,0,3
1438,0,3
1439,0,0
1440,0,0
1441,0,1
1442,0,0
1443,0,1
1444,0,0
1445,0,1
1446,0,3
1447,0,1
1448,0,3
1449,0,3
1450,0,1
1451,0,0
1452,0,0
1453,0,0
1454,0,0
1455,0,3
1456,0,1
1457,0,1
1458,0,0
1459,0,3
1460,0,3
1461,0,3
1462,0,3
1463,0,3
1464,0,0
1465,0,3
1466,0,0
1467,0,1
1468,0,1
1469,0,3
1470,0,0
1471,0,0
1472,0,3
1473,0,3
1474,0,0
1475,0,0
1476,0,0
1477,0,0
1478,0,0
1479,0,0
1480,0,0
1481,0,3
1482,0,1
1483,0,1
1484,0,1
1485,0,3
1486,0,3
1487,0,3
1488,0,1
1489,0,3
1490,0,0
1491,0,0
1492,0,0
1493,0,2
1494,0,2
1495,0,0
1496,0,0
1497,0,0
1498,0,0
1499,0,0
1500,0,0
1501,0,3
1502,0,3
1503,0,1
1504,0,1
1505,0,1
1506,0,3
1507,0,3
1508,0,3
1509,0,3
1510,0,3
1511,0,3
1512,0,3
1513,0,3
1514,0,3
1515,0,1
1516,0,3
1517,0,3
1518,0,3
1519,0,3
1520,0,3
1521,0,3
1522,0,0
1523,0,0
1524,0,3
1525,0,3
1526,0,3
1527,0,1
1528,0,1
1529,0,3
1530,0,3
1531,0,0
1532,0,3
1533,0,3
1534,0,3
1535,0,0
1536,0,3
1537,0,0
1538,0,0
1539,0,3
1540,0,3
1541,0,0
1542,0,3
1543,0,3
1544,0,3
1545,0,0
1546,0,0
1547,0,0
1548,0,0
1549,0,0
1550,0,3
1551,0,1
1552,0,1
1553,0,3
1554,0,0
1555,0,0
1556,0,3
1557,0,3
1558,0,3
1559,0,0
1560,0,1
1561,0,0
1562,0,3
1563,0,1
1564,0,1
1565,0,1
1566,0,1
1567,0,0
1568,0,0
1569,0,0
1570,0,3
1571,0,3
1572,0,3
1573,0,3
1574,0,3
1575,0,3
1576,0,0
1577,0,0
1578,0,0
1579,0,0
1580,0,0
1581,0,0
1582,0,3
1583,0,3
1584,0,3
1585,0,0
1586,0,3
1587,0,3
1588,0,3
1589,0,3
1590,0,0
1591,0,3
1592,0,3
1593,0,3
1594,0,3
1595,0,1
1596,0,3
1597,0,3
1598,0,3
1599,0,3
1600,0,3
1601,0,1
1602,0,0
1603,0,1
1604,0,3
1605,0,1
1606,0,4
1607,0,4
1608,0,4
1609,0,3
1610,0,3
1611,0,3
1612,0,3
1613,0,1
1614,0,3
1615,0,3
1616,0,3
1617,0,0
1618,0,3
1619,0,1
1620,0,3
1621,0,1
1622,0,3
1623,0,4
1624,0,0
1625,0,1
1626,0,2
1627,0,0
1628,0,0
1629,0,3
1630,3,3
1631,3,3
1632,3,3
1633,3,1
1634,3,1
1635,3,0
1636,3,1
1637,3,1
1638,3,1
1639,3,1
1640,3,1
1641,3,3
1642,3,3
1643,3,3
1644,3,3
1645,3,1
1646,3,3
1647,3,3
1648,3,3
1649,3,3
1650,3,1
1651,3,3
1652,3,3
1653,3,3
1654,3,3
1655,3,1
1656,3,1
1657,3,1
1658,3,1
1659,3,0
1660,3,0
1661,3,3
1662,3,3
1663,3,2
1664,3,1
1665,3,1
1666,3,1
1667,3,1
1668,3,3
1669,3,3
1670,3,3
1671,3,1
1672,3,0
1673,3,3
1674,3,3
1675,3,1
1676,3,0
1677,3,2
1678,3,0
1679,3,3
1680,3,3
1681,3,3
1682,3,3
1683,3,3
1684,3,3
1685,3,3
1686,3,3
1687,3,3
1688,3,3
1689,3,1
1690,3,0
1691,3,1
1692,3,1
1693,3,3
1694,3,3
1695,3,3
1696,3,3
1697,3,3
1698,3,3
1699,3,3
1700,3,3
1701,3,3
1702,3,3
1703,3,3
1704,3,3
1705,3,3
1706,3,3
1707,3,3
1708,3,3
1709,3,3
1710,3,3
1711,3,1
1712,3,1
1713,3,2
1714,3,3
1715,3,0
1716,3,0
1717,3,1
1718,3,1
1719,3,1
1720,3,3
1721,3,3
1722,3,3
1723,3,3
1724,3,0
1725,3,3
1726,3,3
1727,3,3
1728,3,3
1729,3,3
1730,3,1
1731,3,3
1732,3,2
1733,3,3
1734,3,3
1735,3,3
1736,3,3
1737,3,3
1738,3,3
1739,3,3
1740,3,1
1741,3,3
1742,3,3
1743,3,3
1744,3,3
1745,3,3
1746,3,3
1747,3,3
1748,3,3
1749,3,3
1750,3,3
1751,3,3
1752,3,3
1753,3,3
1754,3,3
1755,3,3
1756,3,3
1757,3,3
1758,3,1
1759,3,1
1760,3,3
1761,3,3
1762,3,3
1763,3,3
1764,3,3
1765,3,3
1766,3,3
1767,3,3
1768,3,3
1769,3,3
1770,3,3
1771,3,1
1772,3,1
1773,3,3
1774,3,3
1775,3,3
1776,3,3
1777,3,3
1778,3,3
1779,3,3
1780,3,3
1781,3,3
1782,3,3
1783,3,3
1784,3,3
1785,3,1
1786,3,3
1787,3,3
1788,3,3
1789,3,3
1790,3,3
1791,3,3
1792,3,3
1793,3,3
1794,3,3
1795,3,3
1796,3,3
1797,3,3
1798,3,3
1799,3,3
1800,3,3
1801,3,3
1802,3,3
1803,3,3
1804,3,3
1805,3,3
1806,3,3
1807,3,3
1808,3,2
1809,3,1
1810,3,1
1811,3,3
1812,3,1
1813,3,1
1814,3,1
1815,3,3
1816,3,3
1817,3,3
1818,3,3
1819,3,3
1820,3,3
1821,3,3
1822,3,3
1823,3,0
1824,3,3
1825,3,3
1826,3,3
1827,3,3
1828,3,3
1829,3,3
1830,3,3
1831,3,3
1832,3,3
1833,3,3
1834,3,3
1835,3,3
1836,3,3
1837,3,3
1838,3,3
1839,3,3
1840,3,3
1841,3,3
1842,3,3
1843,3,3
1844,3,3
1845,3,3
1846,3,3
1847,3,3
1848,3,3
1849,3,3
1850,3,3
1851,3,3
1852,3,3
1853,3,3
1854,3,3
1855,3,3
1856,3,3
1857,3,3
1858,3,3
1859,3,3
1860,3,3
1861,3,1
1862,3,3
1863,3,3
1864,3,3
1865,3,3
1866,3,3
1867,3,3
1868,3,3
1869,3,1
1870,3,1
1871,3,3
1872,3,1
1873,3,1
1874,3,3
1875,3,3
1876,3,3
1877,3,3
1878,3,3
1879,3,3
1880,3,3
1881,3,3
1882,3,3
1883,3,3
1884,3,3
1885,3,3
1886,3,3
1887,3,3
1888,3,3
1889,3,3
1890,3,3
1891,3,3
1892,3,1
1893,3,1
1894,3,3
1895,3,3
1896,3,3
1897,3,3
1898,3,3
1899,3,3
1900,3,1
1901,3,3
1902,3,3
1903,3,3
1904,3,1
1905,3,3
1906,3,3
1907,3,1
1908,3,1
1909,3,3
1910,3,2
1911,3,2
1912,3,2
1913,3,3
1914,3,3
1915,3,1
1916,3,0
1917,3,1
1918,3,2
1919,3,2
1920,3,0
1921,3,1
1922,3,1
1923,3,1
1924,3,3
1925,3,1
1926,3,3
1927,3,3
1928,3,3
1929,3,3
1930,3,3
1931,3,3
1932,3,3
1933,3,3
1934,3,3
1935,3,3
1936,3,3
1937,3,3
1938,3,3
1939,3,3
1940,3,3
1941,3,4
1942,3,1
1943,3,4
1944,3,3
1945,3,3
1946,3,3
1947,3,1
1948,3,3
1949,3,3
1950,3,3
1951,3,3
1952,3,3
1953,3,3
1954,3,3
1955,3,3
1956,3,3
1957,3,3
1958,3,3
1959,3,3
1960,3,3
1961,3,3
1962,3,2
1963,3,3
1964,3,3
1965,3,3
1966,3,3
1967,3,1
1968,3,4
1969,3,0
1970,3,3
1971,3,3
1972,3,3
1973,3,3
1974,3,3
1975,3,3
1976,3,3
1977,3,4
1978,3,4
1979,3,3
1980,3,3
1981,3,3
1982,3,3
1983,3,3
1984,3,3
1985,3,3
1986,3,3
1987,3,3
1988,3,1
1989,3,3
1990,3,3
1991,3,3
1992,3,3
1993,3,3
1994,3,3
1995,3,3
1996,3,3
1997,3,3
1998,3,3
1999,3,3
2000,3,3
2001,3,3
2002,3,3
2003,3,3
2004,3,3
2005,3,3
2006,3,1
2007,3,4
2008,3,4
2009,3,1
2010,3,2
2011,3,3
2012,3,3
2013,3,3
2014,3,3
2015,3,3
2016,3,3
2017,3,3
2018,3,3
2019,3,3
2020,3,3
2021,3,3
2022,3,3
2023,3,3
2024,3,3
2025,3,3
2026,3,0
2027,3,0
2028,3,0
2029,3,1
2030,3,1
2031,3,0
2032,3,1
2033,3,3
2034,3,3
2035,3,0
2036,3,3
2037,3,0
2038,3,3
2039,3,3
2040,3,3
2041,3,3
2042,3,1
2043,3,0
2044,3,1
2045,3,3
2046,3,3
2047,3,4
2048,3,2
2049,3,3
2050,3,3
2051,3,3
2052,3,3
2053,3,0
2054,3,1
2055,3,3
2056,3,3
2057,3,3
2058,3,3
2059,3,3
2060,3,1
2061,3,3
2062,3,3
2063,3,3
2064,3,3
2065,3,3
2066,3,3
2067,3,3
2068,3,0
2069,3,4
2070,3,3
2071,3,1
2072,3,0
2073,3,3
2074,3,3
2075,3,3
2076,3,3
2077,3,3
2078,3,3
2079,3,1
2080,3,3
2081,3,3
2082,3,3
2083,3,3
2084,3,3
2085,3,3
2086,3,3
2087,3,3
2088,3,2
2089,3,3
2090,3,3
2091,3,3
2092,3,3
2093,3,3
2094,3,3
2095,3,3
2096,3,3
2097,3,3
2098,3,3
2099,3,0
2100,3,3
2101,3,3
2102,3,3
2103,3,3
2104,3,3
2105,3,3
2106,3,0
2107,3,3
2108,3,3
2109,3,0
2110,3,3
2111,3,3
2112,3,3
2113,3,3
2114,3,3
2115,3,3
2116,3,3
2117,3,3
2118,3,3
2119,3,3
2120,3,3
2121,3,1
2122,3,3
2123,3,1
2124,3,3
2125,3,3
2126,3,3
2127,3,3
2128,3,3
2129,3,3
2130,3,1
2131,3,1
2132,3,3
2133,3,3
2134,3,3
2135,3,0
2136,3,0
2137,3,0
2138,3,0
2139,3,0
2140,3,0
2141,3,0
2142,3,0
2143,3,1
2144,3,0
2145,3,0
2146,3,3
2147,3,3
2148,3,3
2149,3,4
2150,3,1
2151,3,0
2152,3,3
2153,3,2
2154,3,3
2155,3,3
2156,3,3
2157,3,3
2158,3,3
2159,3,3
2160,3,3
2161,3,3
2162,3,3
2163,3,3
2164,3,3
2165,3,3
2166,3,0
2167,3,3
2168,3,3
2169,3,3
2170,3,3
2171,3,3
2172,3,3
2173,3,3
2174,3,3
2175,3,3
2176,3,3
2177,3,3
2178,3,3
2179,3,3
2180,3,3
2181,3,3
2182,3,4
2183,3,1
2184,3,2
2185,3,2
2186,3,3
2187,3,3
2188,3,3
2189,3,3
2190,3,0
2191,3,1
2192,3,0
2193,3,4
2194,3,4
2195,3,3
2196,3,3
2197,3,3
2198,3,1
2199,3,1
2200,3,3
2201,3,3
2202,3,3
2203,3,3
2204,3,3
2205,3,3
2206,3,0
2207,3,1
2208,3,3
2209,3,1
2210,3,1
2211,3,1
2212,3,1
2213,3,3
2214,3,3
2215,3,3
2216,3,3
2217,3,3
2218,3,3
2219,3,3
2220,3,3
2221,3,3
2222,3,3
2223,3,3
2224,3,3
2225,3,0
2226,3,3
2227,3,0
2228,3,0
2229,3,3
2230,3,3
2231,3,3
2232,3,3
2233,3,3
2234,3,3
2235,3,2
2236,3,1
2237,3,3
2238,3,3
2239,3,3
2240,3,3
2241,3,3
2242,3,3
2243,3,3
2244,3,3
2245,3,3
2246,3,3
2247,3,3
2248,3,3
2249,3,3
2250,3,3
2251,3,3
2252,3,3
2253,3,2
2254,3,1
2255,3,0
2256,3,3
2257,3,3
2258,3,1
2259,3,3
2260,3,2
2261,3,3
2262,3,3
2263,3,3
2264,3,3
2265,3,1
2266,3,3
2267,3,3
2268,3,1
2269,3,1
2270,3,1
2271,3,1
2272,3,1
2273,3,3
2274,3,3
2275,3,3
2276,3,3
2277,3,1
2278,3,3
2279,3,3
2280,3,3
2281,3,0
2282,3,3
2283,3,3
2284,3,3
2285,3,0
2286,3,1
2287,3,3
2288,3,3
2289,3,3
2290,3,1
2291,3,1
2292,3,1
2293,3,1
2294,3,1
2295,3,3
2296,3,3
2297,3,3
2298,3,3
2299,3,3
2300,3,3
2301,3,3
2302,3,3
2303,3,3
2304,3,1
2305,3,3
2306,3,3
2307,3,4
2308,3,3
2309,3,1
2310,3,2
2311,3,2
2312,3,3
2313,3,1
2314,3,3
2315,3,3
2316,3,3
2317,3,3
2318,3,3
2319,3,3
2320,3,3
2321,3,3
2322,3,3
2323,3,0
2324,3,3
2325,3,3
2326,3,3
2327,3,3
2328,3,3
2329,3,3
2330,3,3
2331,3,3
2332,3,3
2333,3,1
2334,3,3
2335,3,3
2336,3,3
2337,3,3
2338,3,3
2339,3,3
2340,3,3
2341,3,3
2342,3,3
2343,3,3
2344,3,3
2345,3,3
2346,3,3
2347,3,3
2348,3,0
2349,3,3
2350,3,0
2351,3,3
2352,3,3
2353,3,3
2354,3,3
2355,3,3
2356,3,0
2357,3,1
2358,3,3
2359,3,3
2360,3,3
2361,3,3
2362,3,3
2363,3,3
2364,3,3
2365,3,4
2366,3,3
2367,3,3
2368,3,3
2369,3,3
2370,3,3
2371,3,0
2372,3,3
2373,3,3
2374,3,3
2375,3,0
2376,3,1
2377,3,3
2378,3,3
2379,3,0
2380,3,0
2381,3,3
2382,3,3
2383,3,0
2384,3,3
2385,3,3
2386,3,3
2387,3,3
2388,3,1
2389,3,0
2390,3,1
2391,3,3
2392,3,3
2393,3,3
2394,3,3
2395,3,3
2396,3,3
2397,3,3
2398,3,3
2399,3,3
2400,3,3
2401,3,1
2402,3,3
2403,3,2
2404,3,1
2405,3,1
2406,3,3
2407,3,1
2408,3,1
2409,3,3
2410,3,3
2411,3,3
2412,3,3
2413,3,1
2414,3,3
2415,3,1
2416,3,3
2417,3,1
2418,3,1
2419,3,1
2420,3,3
2421,3,3
2422,3,1
2423,3,2
2424,3,3
2425,3,3
2426,3,3
2427,3,3
2428,3,3
2429,3,0
2430,3,1
2431,3,3
2432,3,3
2433,3,3
2434,3,3
2435,3,3
2436,3,3
2437,3,3
2438,3,3
2439,3,3
2440,3,3
2441,3,3
2442,3,4
2443,3,3
2444,3,3
2445,3,3
2446,3,3
2447,3,3
2448,3,3
2449,3,3
2450,3,1
2451,3,3
2452,3,1
2453,3,1
2454,3,1
2455,3,1
2456,3,1
2457,3,1
2458,3,3
2459,3,3
2460,3,3
2461,3,3
2462,3,3
2463,3,3
2464,3,3
2465,3,3
2466,3,3
2467,3,3
2468,3,3
2469,3,3
2470,3,3
2471,3,3
2472,3,2
2473,3,1
2474,3,3
2475,3,3
2476,3,3
2477,3,3
2478,3,3
2479,3,3
2480,3,1
2481,3,1
2482,3,3
2483,3,3
2484,3,3
2485,3,3
2486,3,3
2487,3,3
2488,3,3
2489,3,3
2490,3,2
2491,3,3
2492,3,3
2493,3,0
2494,3,3
2495,3,3
2496,3,0
2497,3,0
2498,3,0
2499,3,0
2500,3,3
2501,3,3
2502,3,3
2503,3,3
2504,3,3
2505,3,3
2506,3,3
2507,3,3
2508,3,3
2509,3,3
2510,3,3
2511,3,3
2512,3,3
2513,3,3
2514,3,3
2515,3,3
2516,3,3
2517,3,1
2518,3,3
2519,3,3
2520,3,2
2521,3,3
2522,3,2
2523,3,3
2524,3,3
2525,3,3
2526,3,1
2527,3,1
2528,3,1
2529,3,1
2530,3,2
2531,3,2
2532,3,3
2533,3,1
2534,3,2
2535,3,2
2536,3,2
2537,3,2
2538,3,3
2539,3,3
2540,3,3
2541,3,3
2542,3,0
2543,3,1
2544,3,4
2545,3,3
2546,3,3
2547,3,3
2548,3,0
2549,3,3
2550,3,3
2551,3,3
2552,3,3
2553,3,3
2554,3,3
2555,3,3
2556,3,3
2557,3,3
2558,3,1
2559,3,1
2560,3,1
2561,3,3
2562,3,3
2563,3,3
2564,3,3
2565,3,3
2566,3,3
2567,3,3
2568,3,3
2569,3,3
2570,3,3
2571,3,3
2572,3,3
2573,3,3
2574,3,3
2575,3,3
2576,3,2
2577,3,2
2578,3,0
2579,3,0
2580,3,1
2581,3,3
2582,3,3
2583,3,1
2584,3,3
2585,3,3
2586,3,3
2587,3,3
2588,3,1
2589,3,1
2590,3,1
2591,3,1
2592,3,3
2593,3,2
2594,3,3
2595,3,3
2596,3,3
2597,3,3
2598,3,1
2599,3,1
2600,3,1
2601,3,1
2602,3,2
2603,3,3
2604,3,1
2605,3,0
2606,3,3
2607,3,3
2608,3,3
2609,3,3
2610,3,3
2611,3,3
2612,3,3
2613,3,1
2614,3,0
2615,3,0
2616,3,3
2617,3,0
2618,2,2
2619,2,2
2620,2,2
2621,2,2
2622,2,1
2623,2,3
2624,2,2
2625,2,2
2626,2,2
2627,2,2
2628,2,4
2629,2,2
2630,2,2
2631,2,4
2632,2,2
2633,2,2
2634,2,2
2635,2,2
2636,2,2
2637,2,2
2638,2,2
2639,2,1
2640,2,2
2641,2,1
2642,2,2
2643,2,2
2644,2,2
2645,2,1
2646,2,4
2647,2,1
2648,2,2
2649,2,1
2650,2,1
2651,2,2
2652,2,2
2653,2,2
2654,2,4
2655,2,1
2656,2,2
2657,2,2
2658,2,2
2659,2,2
2660,2,2
2661,2,2
2662,2,2
2663,2,2
2664,2,2
2665,2,2
2666,2,2
2667,2,2
2668,2,2
2669,2,2
2670,2,2
2671,2,2
2672,2,2
2673,2,1
2674,2,1
2675,2,2
2676,2,2
2677,2,2
2678,2,2
2679,2,2
2680,2,2
2681,2,2
2682,2,2
2683,2,2
2684,2,2
2685,2,2
2686,2,1
2687,2,1
2688,2,1
2689,2,2
2690,2,2
2691,2,2
2692,2,2
2693,2,2
2694,2,2
2695,2,2
2696,2,1
2697,2,2
2698,2,2
2699,2,0
2700,2,2
2701,2,2
2702,2,2
2703,2,2
2704,2,2
2705,2,2
2706,2,2
2707,2,2
2708,2,2
2709,2,2
2710,2,2
2711,2,2
2712,2,2
2713,2,2
2714,2,2
2715,2,2
2716,2,2
2717,2,2
2718,2,2
2719,2,2
2720,2,2
2721,2,2
2722,2,2
2723,2,2
2724,2,2
2725,2,1
2726,2,1
2727,2,2
2728,2,2
2729,2,2
2730,2,2
2731,2,2
2732,2,2
2733,2,2
2734,2,2
2735,2,2
2736,2,2
2737,2,2
2738,2,2
2739,2,2
2740,2,2
2741,2,2
2742,2,2
2743,2,2
2744,2,2
2745,2,2
2746,2,2
2747,2,2
2748,2,2
2749,2,2
2750,2,2
2751,2,2
2752,2,2
2753,2,2
2754,2,4
2755,2,2
2756,2,2
2757,2,2
2758,2,2
2759,2,2
2760,2,2
2761,2,2
2762,2,2
2763,2,2
2764,2,2
2765,2,2
2766,2,2
2767,2,2
2768,2,4
2769,2,1
2770,2,4
2771,2,2
2772,2,1
2773,2,2
2774,2,2
2775,2,2
2776,2,2
2777,2,2
2778,2,2
2779,2,2
2780,2,2
2781,2,2
2782,2,2
2783,2,2
2784,2,2
2785,2,2
2786,2,2
2787,2,2
2788,2,2
2789,2,2
2790,2,2
2791,2,1
2792,2,1
2793,2,2
2794,2,2
2795,2,2
2796,2,2
2797,2,2
2798,2,2
2799,2,2
2800,2,2
2801,2,2
2802,2,2
2803,2,1
2804,2,2
2805,2,2
2806,2,2
2807,2,2
2808,2,2
2809,2,4
2810,2,2
2811,2,0
2812,2,4
2813,2,2
2814,2,2
2815,2,1
2816,2,2
2817,2,2
2818,2,2
2819,2,2
2820,2,2
2821,2,2
2822,2,2
2823,2,2
2824,2,2
2825,2,2
2826,2,4
2827,2,4
2828,2,4
2829,2,2
2830,2,2
2831,2,2
2832,2,2
2833,2,2
2834,2,2
2835,2,2
2836,2,1
2837,2,2
2838,2,2
2839,2,2
2840,2,2
2841,2,2
2842,2,2
2843,2,2
2844,2,2
2845,2,1
2846,2,2
2847,2,2
2848,2,2
2849,2,2
2850,2,2
2851,2,2
2852,2,2
2853,2,2
2854,2,3
2855,2,2
2856,2,2
2857,2,2
2858,2,2
2859,2,2
2860,2,2
2861,2,2
2862,2,2
2863,2,2
2864,2,4
2865,2,4
2866,2,2
2867,2,2
2868,2,2
2869,2,2
2870,2,4
2871,2,2
2872,2,2
2873,2,2
2874,2,2
2875,2,4
2876,2,2
2877,2,2
2878,2,2
2879,2,2
2880,2,2
2881,2,2
2882,2,2
2883,2,2
2884,2,2
2885,2,2
2886,2,2
2887,2,2
2888,2,2
2889,2,2
2890,2,2
2891,2,2
2892,2,2
2893,2,2
2894,2,2
2895,2,2
2896,2,2
2897,2,2
2898,2,2
2899,2,2
2900,2,2
2901,2,3
2902,2,0
2903,2,2
2904,2,2
2905,2,1
2906,2,2
2907,2,2
2908,2,2
2909,2,2
2910,2,2
2911,2,2
2912,2,2
2913,2,2
2914,2,2
2915,2,1
2916,2,2
2917,2,2
2918,2,2
2919,2,2
2920,2,2
2921,2,2
2922,2,1
2923,2,2
2924,2,2
2925,2,2
2926,2,2
2927,2,2
2928,2,2
2929,2,2
2930,2,2
2931,2,2
2932,2,2
2933,2,2
2934,2,2
2935,2,2
2936,2,2
2937,2,2
2938,2,2
2939,2,2
2940,2,2
2941,2,2
2942,2,2
2943,2,2
2944,2,2
2945,2,2
2946,2,2
2947,2,2
2948,2,2
2949,2,2
2950,2,2
2951,2,2
2952,2,2
2953,2,2
2954,2,2
2955,2,2
2956,2,2
2957,2,2
2958,2,2
2959,2,2
2960,2,2
2961,2,2
2962,2,4
2963,2,2
2964,2,2
2965,2,2
2966,2,2
2967,2,2
2968,2,2
2969,2,2
2970,2,2
2971,2,2
2972,2,2
2973,2,4
2974,2,4
2975,2,2
2976,2,2
2977,2,2
2978,2,2
2979,2,2
2980,2,2
2981,2,2
2982,2,2
2983,2,1
2984,2,2
2985,2,2
2986,2,2
2987,2,2
2988,2,4
2989,2,4
2990,2,4
2991,2,4
2992,2,2
2993,2,2
2994,2,2
2995,2,2
2996,2,2
2997,2,2
2998,2,2
2999,2,2
3000,2,2
3001,2,2
3002,2,4
3003,2,2
3004,2,2
3005,2,2
3006,2,2
3007,2,2
3008,2,2
3009,2,2
3010,2,2
3011,2,2
3012,2,2
3013,2,2
3014,2,2
3015,2,2
3016,2,2
3017,2,0
3018,2,2
3019,2,2
3020,2,2
3021,2,2
3022,2,2
3023,2,1
3024,2,2
3025,2,1
3026,2,1
3027,2,3
3028,2,2
3029,2,2
3030,2,2
3031,2,1
3032,2,2
3033,2,2
3034,2,2
3035,2,2
3036,2,2
3037,2,2
3038,2,3
3039,2,2
3040,2,2
3041,2,2
3042,2,2
3043,2,2
3044,2,2
3045,2,1
3046,2,1
3047,2,2
3048,2,2
3049,2,2
3050,2,2
3051,2,2
3052,2,2
3053,2,2
3054,2,2
3055,2,2
3056,2,2
3057,2,2
3058,2,2
3059,2,2
3060,2,2
3061,2,2
3062,2,2
3063,2,4
3064,2,4
3065,2,4
3066,2,0
3067,2,2
3068,2,2
3069,2,2
3070,2,2
3071,2,2
3072,2,2
3073,2,2
3074,2,2
3075,2,2
3076,2,2
3077,2,2
3078,2,2
3079,2,2
3080,2,2
3081,2,2
3082,2,2
3083,2,2
3084,2,2
3085,2,2
3086,2,2
3087,2,2
3088,2,2
3089,2,2
3090,2,1
3091,2,1
3092,2,4
3093,2,2
3094,2,2
3095,2,1
3096,2,2
3097,2,2
3098,2,2
3099,2,4
3100,2,2
3101,2,1
3102,2,2
3103,2,2
3104,2,2
3105,2,2
3106,2,2
3107,2,2
3108,2,2
3109,2,2
3110,2,2
3111,2,4
3112,2,2
3113,2,2
3114,2,2
3115,2,2
3116,2,2
3117,2,4
3118,2,2
3119,2,2
3120,2,2
3121,2,2
3122,2,2
3123,2,2
3124,2,2
3125,2,2
3126,2,2
3127,2,2
3128,2,2
3129,2,4
3130,2,1
3131,2,2
3132,2,2
3133,2,2
3134,2,2
3135,2,4
3136,2,2
3137,2,2
3138,2,2
3139,2,2
3140,2,2
3141,2,2
3142,2,2
3143,2,2
3144,2,2
3145,2,4
3146,2,4
3147,2,4
3148,2,4
3149,2,2
3150,2,2
3151,2,2
3152,2,2
3153,2,2
3154,2,2
3155,2,2
3156,2,4
3157,2,2
3158,2,2
3159,2,2
3160,2,2
3161,2,2
3162,2,2
3163,2,2
3164,2,2
3165,2,4
3166,2,2
3167,2,4
3168,2,4
3169,2,2
3170,2,2
3171,2,2
3172,2,2
3173,2,2
3174,2,2
3175,2,2
3176,2,2
3177,2,2
3178,2,2
3179,2,2
3180,2,2
3181,2,2
3182,2,2
3183,2,2
3184,2,2
3185,2,2
3186,2,2
3187,2,2
3188,2,4
3189,2,2
3190,2,2
3191,2,2
3192,2,4
3193,2,2
3194,2,4
3195,2,2
3196,2,2
3197,2,4
3198,2,4
3199,2,2
3200,2,2
3201,2,2
3202,2,2
3203,2,2
3204,2,2
3205,2,2
3206,2,2
3207,2,2
3208,2,2
3209,2,2
3210,2,2
3211,2,2
3212,2,2
3213,2,2
3214,2,2
3215,2,4
3216,2,2
3217,2,2
3218,2,2
3219,2,2
3220,2,2
3221,2,2
3222,2,2
3223,2,1
3224,2,2
3225,2,2
3226,2,2
3227,2,2
3228,2,2
3229,2,2
3230,2,2
3231,2,2
3232,2,2
3233,2,2
3234,2,2
3235,2,2
3236,2,2
3237,2,2
3238,2,2
3239,2,4
3240,2,4
3241,2,1
3242,2,1
3243,2,0
3244,2,2
3245,2,0
3246,2,2
3247,2,2
3248,2,1
3249,2,2
3250,2,1
3251,2,0
3252,2,3
3253,2,2
3254,2,2
3255,2,2
3256,2,1
3257,2,1
3258,2,3
3259,2,1
3260,2,1
3261,2,0
3262,2,2
3263,2,2
3264,2,2
3265,2,2
3266,2,2
3267,2,2
3268,2,2
3269,2,2
3270,2,2
3271,2,2
3272,2,2
3273,2,2
3274,2,2
3275,2,2
3276,2,2
3277,2,2
3278,2,2
3279,2,2
3280,2,2
3281,2,1
3282,2,2
3283,2,2
3284,2,2
3285,2,2
3286,2,2
3287,2,2
3288,2,2
3289,2,2
3290,2,2
3291,2,2
3292,2,4
3293,2,2
3294,2,2
3295,2,2
3296,2,2
3297,2,2
3298,2,2
3299,2,2
3300,2,4
3301,2,2
3302,2,2
3303,2,2
3304,2,2
3305,2,3
3306,2,2
3307,2,2
3308,2,2
3309,2,2
3310,2,1
3311,2,2
3312,2,2
3313,2,2
3314,2,2
3315,2,2
3316,2,2
3317,2,2
3318,2,2
3319,2,2
3320,2,2
3321,2,2
3322,2,2
3323,2,2
3324,2,2
3325,2,2
3326,2,2
3327,2,2
3328,2,1
3329,2,4
3330,2,4
3331,2,4
3332,2,4
3333,2,2
3334,2,2
3335,2,2
3336,2,2
3337,2,2
3338,2,2
3339,2,2
3340,2,2
3341,2,2
3342,2,1
3343,2,2
3344,2,2
3345,2,2
3346,2,2
3347,2,3
3348,2,4
3349,2,2
3350,2,2
3351,2,2
3352,2,2
3353,2,2
3354,2,2
3355,2,4
3356,2,2
3357,2,2
3358,2,2
3359,2,2
3360,2,2
3361,2,2
3362,2,2
3363,2,2
3364,2,2
3365,2,2
3366,2,2
3367,2,2
3368,2,2
3369,2,2
3370,2,2
3371,2,2
3372,2,2
3373,2,2
3374,2,2
3375,2,2
3376,2,2
3377,2,2
3378,2,2
3379,2,2
3380,2,2
3381,2,2
3382,2,2
3383,2,2
3384,2,2
3385,2,2
3386,2,2
3387,2,2
3388,2,2
3389,2,1
3390,2,2
3391,2,2
3392,2,2
3393,2,2
3394,2,2
3395,2,2
3396,2,2
3397,2,2
3398,2,2
3399,2,2
3400,2,2
3401,2,2
3402,2,1
3403,2,2
3404,2,2
3405,2,2
3406,2,2
3407,2,2
3408,2,2
3409,2,2
3410,2,2
3411,2,2
3412,2,2
3413,2,4
3414,2,2
3415,2,2
3416,2,2
3417,2,1
3418,2,2
3419,2,2
3420,2,2
3421,2,2
3422,2,2
3423,2,2
3424,2,2
3425,2,2
3426,2,2
3427,2,2
3428,2,2
3429,2,2
3430,2,2
3431,2,2
3432,2,2
3433,2,2
3434,2,2
3435,2,2
3436,2,4
3437,2,2
3438,2,2
3439,2,2
3440,2,2
3441,2,2
3442,2,2
3443,2,2
3444,2,2
3445,2,2
3446,2,2
3447,2,1
3448,2,2
3449,2,2
3450,2,2
3451,2,2
3452,2,2
3453,2,2
3454,2,2
3455,2,2
3456,2,2
3457,2,2
3458,2,2
3459,2,2
3460,2,2
3461,2,2
3462,2,2
3463,2,2
3464,2,2
3465,2,0
3466,2,2
3467,2,2
3468,2,2
3469,2,2
3470,2,2
3471,2,2
3472,2,2
3473,2,2
3474,2,1
3475,2,2
3476,2,1
3477,2,1
3478,2,1
3479,2,1
3480,2,2
3481,2,2
3482,2,2
3483,2,2
3484,2,2
3485,2,2
3486,2,2
3487,2,2
3488,2,2
3489,2,2
3490,2,2
3491,2,2
3492,2,2
3493,2,2
3494,2,2
3495,2,2
3496,2,2
3497,2,2
3498,2,2
3499,2,2
3500,2,2
3501,2,2
3502,2,2
3503,2,2
3504,2,2
3505,2,0
3506,2,2
3507,2,2
3508,2,2
3509,2,2
3510,2,2
3511,2,1
3512,2,2
3513,2,2
3514,2,2
3515,2,2
3516,2,2
3517,2,2
3518,2,2
3519,2,2
3520,2,2
3521,2,2
3522,2,2
3523,2,2
3524,2,2
3525,2,2
3526,2,2
3527,2,2
3528,2,2
3529,2,2
3530,2,2
3531,2,2
3532,2,2
3533,2,2
3534,2,2
3535,2,2
3536,2,2
3537,2,2
3538,2,2
3539,2,2
3540,2,2
3541,2,2
3542,2,2
3543,2,2
3544,2,2
3545,2,2
3546,2,2
3547,2,2
3548,2,2
3549,2,2
3550,2,2
3551,2,2
3552,2,2
3553,2,2
3554,2,2
3555,2,2
3556,2,2
3557,2,2
3558,2,2
3559,2,2
3560,2,2
3561,2,2
3562,2,4
3563,2,2
3564,2,2
3565,2,2
3566,2,2
3567,2,2
3568,2,2
3569,2,2
3570,2,2
3571,2,2
3572,2,2
3573,2,2
3574,2,2
3575,2,2
3576,2,2
3577,2,2
3578,2,2
3579,2,2
3580,2,2
3581,2,2
3582,2,2
3583,2,2
3584,2,2
3585,2,2
3586,2,2
3587,2,2
3588,2,2
3589,2,2
3590,2,2
3591,2,1
3592,2,2
3593,2,2
3594,2,2
3595,2,2
3596,2,2
3597,2,2
3598,2,2
3599,2,2
3600,2,2
3601,2,2
3602,2,2
3603,2,4
3604,2,2
3605,2,2
3606,2,2
3607,2,2
3608,2,2
3609,2,2
3610,2,2
3611,2,2
3612,2,2
3613,2,2
3614,2,2
3615,2,2
3616,2,2
3617,2,2
3618,2,2
3619,2,2
3620,2,2
3621,2,2
3622,2,2
3623,2,2
3624,2,2
3625,2,2
3626,2,1
3627,2,2
3628,2,2
3629,2,2
3630,2,2
3631,2,2
3632,2,2
3633,2,2
3634,2,2
3635,2,2
3636,2,2
3637,2,2
3638,2,2
3639,2,2
3640,2,4
3641,2,4
3642,2,2
3643,2,2
3644,2,2
3645,2,2
3646,2,2
3647,2,2
3648,2,2
3649,2,2
3650,2,2
3651,2,2
3652,2,2
3653,2,2
3654,2,1
3655,2,2
3656,2,2
3657,2,2
3658,2,2
3659,2,2
3660,2,2
3661,2,4
3662,2,2
3663,2,2
3664,2,2
3665,2,2
3666,2,2
3667,2,2
3668,2,2
3669,2,2
3670,2,2
3671,2,2
3672,2,2
3673,2,2
3674,2,2
3675,2,2
3676,2,2
3677,2,0
3678,2,2
3679,2,2
3680,2,2
3681,2,2
3682,2,2
3683,2,2
3684,2,2
3685,2,2
3686,2,2
3687,2,2
3688,2,2
3689,2,2
3690,2,2
3691,2,2
3692,2,2
3693,2,1
3694,2,1
3695,2,2
3696,2,2
3697,2,2
3698,2,2
3699,2,2
3700,2,4
3701,2,2
3702,2,2
3703,2,4
3704,2,2
3705,2,2
3706,2,2
3707,2,2
3708,2,2
3709,2,2
3710,2,4
3711,2,2
3712,2,2
3713,2,2
3714,2,2
3715,2,2
3716,2,2
3717,2,2
3718,2,2
3719,2,2
3720,2,2
3721,2,2
3722,2,3
3723,2,2
3724,2,4
3725,2,4
3726,2,2
3727,2,2
3728,2,2
3729,2,1
3730,2,2
3731,2,2
3732,2,2
3733,2,2
3734,2,1
3735,2,1
3736,2,2
3737,2,2
3738,2,4
3739,2,4
3740,2,2
3741,2,2
3742,2,2
3743,2,2
3744,2,2
3745,2,2
3746,2,2
3747,2,4
3748,2,2
3749,2,2
3750,2,1
3751,2,2
3752,2,2
3753,2,2
3754,2,2
3755,2,4
3756,2,2
3757,2,2
3758,2,2
3759,2,2
3760,2,2
3761,2,2
3762,2,2
3763,2,2
3764,2,2
3765,2,2
3766,2,2
3767,2,2
3768,2,2
3769,2,2
3770,2,2
3771,2,2
3772,2,2
3773,2,2
3774,2,2
3775,2,2
3776,4,4
3777,4,4
3778,4,1
3779,4,3
3780,4,4
3781,4,2
3782,4,4
3783,4,4
3784,4,4
3785,4,4
3786,4,4
3787,4,4
3788,4,4
3789,4,4
3790,4,4
3791,4,4
3792,4,4
3793,4,4
3794,4,4
3795,4,4
3796,4,4
3797,4,4
3798,4,4
3799,4,4
3800,4,4
3801,4,4
3802,4,2
3803,4,4
3804,4,4
3805,4,4
3806,4,4
3807,4,3
3808,4,4
3809,4,4
3810,4,4
3811,4,1
3812,4,1
3813,4,0
3814,4,2
3815,4,1
3816,4,1
3817,4,1
3818,4,1
3819,4,1
3820,4,1
3821,4,4
3822,4,2
3823,4,4
3824,4,4
3825,4,2
3826,4,1
3827,4,1
3828,4,4
3829,4,2
3830,4,4
3831,4,4
3832,4,1
3833,4,4
3834,4,4
3835,4,1
3836,4,4
3837,4,4
3838,4,4
3839,4,4
3840,4,1
3841,4,1
3842,4,4
3843,4,4
3844,4,4
3845,4,4
3846,4,4
3847,4,4
3848,4,4
3849,4,4
3850,4,4
3851,4,4
3852,4,4
3853,4,4
3854,4,4
3855,4,4
3856,4,4
3857,4,4
3858,4,4
3859,4,4
3860,4,4
3861,4,4
3862,4,4
3863,4,4
3864,4,4
3865,4,4
3866,4,4
3867,4,4
3868,4,4
3869,4,4
3870,4,4
3871,4,4
3872,4,4
3873,4,2
3874,4,4
3875,4,2
3876,4,2
3877,4,4
3878,4,4
3879,4,4
3880,4,4
3881,4,4
3882,4,4
3883,4,2
3884,4,4
3885,4,4
3886,4,4
3887,4,4
3888,4,4
3889,4,4
3890,4,4
3891,4,4
3892,4,3
3893,4,4
3894,4,2
3895,4,2
3896,4,4
3897,4,4
3898,4,4
3899,4,4
3900,4,4
3901,4,2
3902,4,2
3903,4,4
3904,4,4
3905,4,4
3906,4,4
3907,4,2
3908,4,4
3909,4,4
3910,4,4
3911,4,2
3912,4,4
3913,4,4
3914,4,2
3915,4,2
3916,4,1
3917,4,0
3918,4,3
3919,4,3
3920,4,4
3921,4,4
3922,4,4
3923,4,4
3924,4,4
3925,4,2
3926,4,4
3927,4,4
3928,4,4
3929,4,4
3930,4,4
3931,4,4
3932,4,4
3933,4,4
3934,4,4
3935,4,4
3936,4,1
3937,4,3
3938,4,4
3939,4,4
3940,4,4
3941,4,4
3942,4,2
3943,4,4
3944,4,4
3945,4,4
3946,4,2
3947,4,4
3948,4,4
3949,4,1
3950,4,1
3951,4,4
3952,4,4
3953,4,4
3954,4,4
3955,4,2
3956,4,2
3957,4,4
3958,4,4
3959,4,4
3960,4,4
3961,4,4
3962,4,4
3963,4,4
3964,4,4
3965,4,4
3966,4,4
3967,4,4
3968,4,1
3969,4,1
3970,4,4
3971,4,4
3972,4,4
3973,4,4
3974,4,4
3975,4,4
3976,4,4
3977,4,4
3978,4,4
3979,4,4
3980,4,4
3981,4,1
3982,4,4
3983,4,4
3984,4,4
3985,4,4
3986,4,2
3987,4,2
3988,4,2
3989,4,4
3990,4,4
3991,4,4
3992,4,2
3993,4,3
3994,4,4
3995,4,3
3996,4,1
3997,4,1
3998,4,4
3999,4,4
4000,4,2
4001,4,4
4002,4,4
4003,4,4
4004,4,4
4005,4,4
4006,4,4
4007,4,0
4008,4,4
4009,4,4
4010,4,2
4011,4,2
4012,4,4
4013,4,1
4014,4,4
4015,4,4
4016,4,4
4017,4,4
4018,4,4
4019,4,4
4020,4,4
4021,4,4
4022,4,2
4023,4,4
4024,4,4
4025,4,4
4026,4,4
4027,4,4
4028,4,4
4029,4,4
4030,4,2
4031,4,2
4032,4,4
4033,4,4
4034,4,4
4035,4,4
4036,4,4
4037,4,4
4038,4,4
4039,4,4
4040,4,4
4041,4,4
4042,4,4
4043,4,4
4044,4,4
4045,4,4
4046,4,4
4047,4,4
4048,4,4
4049,4,4
4050,4,4
4051,4,4
4052,4,4
4053,4,4
4054,4,4
4055,4,4
4056,4,4
4057,4,2
4058,4,1
4059,4,4
4060,4,3
4061,4,4
4062,4,4
4063,4,0
4064,4,0
4065,4,4
4066,4,1
4067,4,1
4068,4,4
4069,4,4
4070,4,4
4071,4,4
4072,4,1
4073,4,4
4074,4,1
4075,4,2
4076,4,4
4077,4,4
4078,4,1
4079,4,4
4080,4,1
4081,4,1
4082,4,1
4083,4,1
4084,4,4
4085,4,1
4086,4,4
4087,4,4
4088,4,4
4089,4,0
4090,4,1
4091,4,1
4092,4,4
4093,4,4
4094,4,4
4095,4,4
4096,4,1
4097,4,4
4098,4,4
4099,4,2
4100,4,4
4101,4,4
4102,4,4
4103,4,4
4104,4,4
4105,4,4
4106,4,2
4107,4,2
4108,4,1
4109,4,1
4110,4,1
4111,4,1
4112,4,4
4113,4,3
4114,4,4
4115,4,1
4116,4,4
4117,4,1
4118,4,4
4119,4,4
4120,4,4
4121,4,4
4122,4,4
4123,4,4
4124,4,1
4125,4,4
4126,4,4
4127,4,2
4128,4,4
4129,4,4
4130,4,4
4131,4,4
4132,4,2
4133,4,4
4134,4,4
4135,4,4
4136,4,4
4137,4,0
4138,4,2
4139,4,4
4140,4,2
4141,4,4
4142,4,4
4143,4,4
4144,4,4
4145,4,4
4146,4,4
4147,4,4
4148,4,4
4149,4,4
4150,4,4
4151,4,4
4152,4,4
4153,4,4
4154,4,4
4155,4,4
4156,4,4
4157,4,4
4158,4,4
4159,4,4
4160,4,4
4161,4,4
4162,4,4
4163,4,4
4164,4,4
4165,4,4
4166,4,4
4167,4,4
4168,4,4
4169,4,4
4170,4,4
4171,4,4
4172,4,4
4173,4,4
4174,4,4
4175,4,4
4176,4,4
4177,4,4
4178,4,2
4179,4,2
4180,4,4
4181,4,2
4182,4,4
4183,4,4
4184,4,4
4185,4,4
4186,4,4
4187,4,4
4188,4,4
4189,4,1
4190,4,4
4191,4,2
4192,4,4
4193,4,1
4194,4,1
4195,4,1
4196,4,1
4197,4,4
4198,4,4
4199,4,4
4200,4,4
4201,4,4
4202,4,4
4203,4,4
4204,4,4
4205,4,2
4206,4,4
4207,4,4
4208,4,4
4209,4,4
4210,4,4
4211,4,4
4212,4,2
4213,4,3
4214,4,4
4215,4,4
4216,4,4
4217,4,4
4218,4,4
4219,4,4
4220,4,4
4221,4,4
4222,4,4
4223,4,4
4224,4,4
4225,4,4
4226,4,4
4227,4,4
4228,4,4
4229,4,1
4230,4,4
4231,4,4
4232,4,4
4233,4,4
4234,4,4
4235,4,4
4236,4,4
4237,4,4
4238,4,4
4239,4,4
4240,4,4
4241,4,4
4242,4,4
4243,4,4
4244,4,4
4245,4,4
4246,4,4
4247,4,4
4248,4,4
4249,4,1
4250,4,1
4251,4,4
4252,4,4
4253,4,4
4254,4,4
4255,4,2
4256,4,4
4257,4,4
4258,4,4
4259,4,4
4260,4,4
4261,4,4
4262,4,4
4263,4,4
4264,4,4
4265,4,4
4266,4,4
4267,4,1
4268,4,4
4269,4,4
4270,4,4
4271,4,4
4272,4,4
4273,4,4
4274,4,4
4275,4,4
4276,4,4
4277,4,4
4278,4,1
4279,4,4
4280,4,4
4281,4,4
4282,4,4
4283,4,4
4284,4,4
4285,4,4
4286,4,4
4287,4,2
4288,4,4
4289,4,4
4290,4,2
4291,4,2
4292,4,4
4293,4,4
4294,4,4
4295,4,4
4296,4,4
4297,4,4
4298,4,4
4299,4,4
4300,4,4
4301,4,4
4302,4,4
4303,4,4
4304,4,2
4305,4,4
4306,4,4
4307,4,4
4308,4,2
4309,4,4
4310,4,4
4311,4,4
4312,4,4
4313,4,4
4314,4,2
4315,4,4
4316,4,4
4317,4,4
4318,4,4
4319,4,4
4320,4,4
4321,4,4
4322,4,4
4323,4,4
4324,4,4
4325,4,4
4326,4,4
4327,4,4
4328,4,4
4329,4,4
4330,4,4
4331,4,4
4332,4,4
4333,4,4
4334,4,4
4335,4,4
4336,4,2
4337,4,1
4338,4,4
4339,4,4
4340,4,4
4341,4,4
4342,4,4
4343,4,4
4344,4,4
4345,4,4
4346,4,4
4347,4,4
4348,4,4
4349,4,4
4350,4,4
4351,4,4
4352,4,4
4353,4,4
4354,4,1
4355,4,1
4356,4,4
4357,4,4
4358,4,2
4359,4,4
4360,4,4
4361,4,4
4362,4,4
4363,4,2
4364,4,0
4365,4,2
4366,4,2
4367,4,2
4368,4,2
4369,4,2
4370,4,2
4371,4,2
4372,4,2
4373,4,2
4374,4,4
4375,4,4
4376,4,4
4377,4,4
4378,4,4
4379,4,4
4380,4,4
4381,4,4
4382,4,2
4383,4,2
4384,4,4
4385,4,4
4386,4,4
4387,4,4
4388,4,4
4389,4,4
4390,4,4
4391,4,4
4392,4,4
4393,4,2
4394,4,0
4395,4,4
4396,4,4
4397,4,4
4398,4,4
4399,4,4
4400,4,4
4401,4,2
4402,4,2
4403,4,2
4404,4,4
4405,4,4
4406,4,4
4407,4,4
4408,4,4
4409,4,1
4410,4,4
4411,4,2
4412,4,2
4413,4,2
4414,4,1
4415,4,1
4416,4,4
4417,4,2
4418,4,2
4419,4,4
4420,4,4
4421,4,4
4422,4,4
4423,4,4
4424,4,4
4425,4,4
4426,4,4
4427,4,4
4428,4,4
4429,4,4
4430,4,4
4431,4,4
4432,4,4
4433,4,2
4434,4,2
4435,4,2
4436,4,2
4437,4,4
4438,4,4
4439,4,4
4440,4,4
4441,4,4
4442,4,4
4443,4,4
4444,4,4
4445,4,4
4446,4,4
4447,4,4
4448,4,4
4449,4,4
4450,4,4
4451,4,4
4452,4,4
4453,4,2
4454,4,4
4455,4,4
4456,4,1
4457,4,1
4458,4,3
4459,4,1
4460,4,3
4461,4,4
4462,4,4
4463,4,4
4464,4,4
4465,4,4
4466,4,4
4467,4,4
4468,4,4
4469,4,4
4470,4,4
4471,4,4
4472,4,4
4473,4,4
4474,4,4
4475,4,4
4476,4,2
4477,4,4
4478,4,4
4479,4,4
4480,4,4
4481,4,4
4482,4,4
4483,4,4
4484,4,4
4485,4,4
4486,4,4
4487,4,4
4488,4,4
4489,4,4
4490,4,4
4491,4,4
4492,4,2
4493,4,2
4494,4,4
4495,4,4
4496,4,4
4497,4,2
4498,4,4
4499,4,2
4500,4,1
4501,4,4
4502,4,4
4503,4,4
4504,4,4
4505,4,4
4506,4,4
4507,4,4
4508,4,4
4509,4,4
4510,4,4
4511,4,4
4512,4,4
4513,4,4
4514,4,4
4515,4,4
4516,4,4
4517,4,4
4518,4,4
4519,4,4
4520,4,2
4521,4,4
4522,4,4
4523,4,4
4524,4,4
4525,4,4
4526,4,4
4527,4,4
4528,4,4
4529,4,1
4530,4,0
4531,4,2
4532,4,4
4533,4,4
4534,4,2
4535,4,3
4536,4,4
4537,4,1
4538,4,4
4539,4,4
4540,4,4
4541,4,4
4542,4,4
4543,4,4
4544,4,4
4545,4,4
4546,4,4
4547,4,4
4548,4,4
4549,4,4
4550,4,4
4551,4,4
4552,4,4
4553,4,4
4554,4,4
4555,4,4
4556,4,4
4557,4,4
4558,4,4
4559,4,4
4560,4,4
4561,4,4
4562,4,4
4563,4,4
4564,4,4
4565,4,4
4566,4,4
4567,4,4
4568,4,4
4569,4,4
4570,4,4
4571,4,4
4572,4,4
4573,4,4
4574,4,4
4575,4,4
4576,4,4
4577,4,4
4578,4,4
4579,4,4
4580,4,4
4581,4,4
4582,4,4
4583,4,4
4584,4,4
4585,4,4
4586,4,4
4587,4,4
4588,4,4
4589,4,4
4590,4,4
4591,4,4
4592,4,4
4593,4,4
4594,4,4
4595,4,4
4596,4,4
4597,4,4
4598,4,4
4599,4,4
4600,4,4
4601,4,4
4602,4,4
4603,4,4
4604,4,4
4605,4,4
4606,4,4
4607,4,2
4608,4,1
4609,4,4
4610,4,4
4611,4,4
4612,4,4
4613,4,4
4614,4,4
4615,4,4
4616,4,4
4617,4,4
4618,4,4
4619,4,4
4620,4,4
4621,4,4
4622,4,4
4623,4,4
4624,4,4
4625,4,4
4626,4,4
4627,4,4
4628,4,4
4629,4,4
4630,4,4
4631,4,4
4632,4,4
4633,4,4
4634,4,1
4635,4,2
4636,4,2
4637,4,4
4638,4,4
4639,4,2
4640,4,2
4641,4,2
4642,4,4
4643,4,1
4644,4,4
4645,4,1
4646,4,4
4647,4,4
4648,4,4
4649,4,4
4650,4,4
4651,4,4
4652,4,4
4653,4,4
4654,4,4
4655,4,4
4656,4,4
4657,4,4
4658,4,4
4659,4,4
4660,4,4
4661,4,4
4662,4,4
4663,4,4
4664,4,4
4665,4,4
4666,4,4
4667,4,4
4668,4,4
4669,4,4
4670,4,4
4671,4,4
4672,4,4
4673,4,4
4674,4,4
4675,4,4
4676,4,4
4677,4,4
4678,4,4
4679,4,4
4680,4,4
4681,4,4
4682,4,4
4683,4,4
4684,4,4
4685,4,4
4686,4,4
4687,4,4
4688,4,4
4689,4,4
4690,4,4
4691,4,4
4692,4,4
4693,4,4
4694,4,1
4695,4,2
4696,4,4
4697,4,4
4698,4,1
4699,4,1
4700,4,4
4701,4,4
4702,4,4
4703,4,4
4704,4,2
4705,4,4
4706,4,4
4707,4,1
4708,4,4
4709,4,4
4710,4,4
4711,4,4
4712,4,4
4713,4,4
4714,4,4
4715,4,4
4716,4,4
4717,4,4
4718,4,4
4719,4,3
4720,4,4
4721,4,4
4722,4,4
4723,4,4
4724,4,2
4725,4,1
4726,4,1
4727,4,4
4728,4,2
4729,4,1
4730,4,1
4731,4,2
4732,4,4
4733,4,4
4734,4,4
4735,4,1
4736,4,4
4737,4,1
4738,4,1
4739,4,4
4740,4,4
4741,4,3
4742,4,3
4743,4,1
4744,4,2
4745,4,4
4746,4,4
4747,4,4
4748,4,4
4749,4,4
4750,4,4
4751,4,4
4752,4,4
4753,4,4
4754,4,4
4755,4,4
4756,4,4
4757,4,4
4758,4,4
4759,4,4
4760,4,4
4761,4,4
4762,4,4
4763,4,4
4764,4,4
4765,4,4
4766,4,4
4767,4,4
4768,4,4
4769,4,4
4770,4,4
4771,4,3
4772,4,4
4773,4,4
4774,4,1
4775,4,4
4776,4,4
4777,4,4
4778,4,3
4779,4,2
4780,4,4
4781,4,4
4782,4,4
4783,4,4
4784,4,4
4785,4,4
4786,4,4
4787,4,3
4788,4,4
4789,4,4
4790,4,4
4791,4,4
4792,4,4
4793,4,1
4794,4,1
4795,4,1
4796,4,1
4797,4,1
4798,4,0
4799,4,3
4800,4,4
4801,4,3
4802,4,4
4803,4,4
4804,4,4
4805,4,4
4806,4,4
4807,4,4
4808,4,4
4809,4,4
4810,4,4
4811,4,1
4812,4,2
4813,4,2
4814,4,2
4815,4,1
4816,4,4
4817,4,4
4818,4,1
4819,4,4
4820,4,4
4821,4,4
4822,4,4
4823,4,1
4824,4,1
4825,4,4
4826,4,4
4827,4,4
4828,4,4
4829,4,4
4830,4,4
4831,4,4
4832,4,4
4833,4,4
4834,4,2
4835,4,4
4836,4,4
4837,4,4
4838,4,4
4839,4,4
4840,4,4
4841,4,4
4842,4,4
4843,4,4
4844,4,4
4845,4,4
4846,4,4
4847,4,4
4848,4,4
4849,4,4
4850,4,4
4851,4,4
4852,4,4
4853,4,4
4854,4,4
4855,4,4
4856,4,4
4857,4,4
4858,4,4
4859,4,4
4860,4,4
4861,4,4
4862,4,4
4863,4,4
4864,4,4
4865,4,4
4866,4,4
4867,4,4
4868,4,4
